{
  "type": "change",
  "parts": "all",
  "size": 4,
  "change_type": [
    "combat_experience",
    "agility",
    "health",
    "energy",
    "mental_power",
    "defense",
    "attack",
    "metabolism"
  ],
  "sequence": [
    "ALA",
    "VAL",
    "ALA",
    "THR"
  ],
  "values": {
    "health": 224.92000000000002,
    "attack": {
      "temperature": 0.027400000000000004,
      "maxForce": 0.013700000000000002,
      "energy": 0.013700000000000002,
      "frequency": 1.37,
      "contactArea": 1.3700000000000002E-4
    },
    "defense": {
      "surfaceHardness": 0.033100000000000004,
      "thickness": 0.033100000000000004,
      "toughness": 0.033100000000000004
    },
    "suitable_temperature": {
      "MinTemperatureIncrease": 0.0,
      "MaxTemperatureIncrease": 0.0
    },
    "combat_experience": 15.831100000000001,
    "agility": 44.474000000000004,
    "energy": 63.49,
    "mental_power": 5.315,
    "metabolism": 0.885
  }
}