{
  "type": "change",
  "parts": "all",
  "size": 6,
  "change_type": [
    "energy",
    "metabolism",
    "attack",
    "suitable_temperature",
    "agility",
    "mental_power",
    "health",
    "combat_experience"
  ],
  "sequence": [
    "PRO",
    "THR",
    "SER",
    "SER",
    "LEU",
    "ASP"
  ],
  "values": {
    "health": 4.73,
    "attack": {
      "temperature": 0.027600000000000003,
      "maxForce": 0.013800000000000002,
      "energy": 0.013800000000000002,
      "frequency": 1.3800000000000001,
      "contactArea": 1.3800000000000002E-4
    },
    "defense": {
      "surfaceHardness": 0.0,
      "thickness": 0.0,
      "toughness": 0.0
    },
    "suitable_temperature": {
      "MinTemperatureIncrease": 0.0056300000000000005,
      "MaxTemperatureIncrease": 0.0056300000000000005
    },
    "energy": 48.620000000000005,
    "metabolism": 11.63,
    "agility": 0.005,
    "mental_power": 0.495,
    "combat_experience": 0.034300000000000004
  }
}