{
  "type": "change",
  "parts": "all",
  "size": 1,
  "change_type": [
    "metabolism",
    "attack",
    "agility",
    "defense",
    "combat_experience",
    "suitable_temperature",
    "health",
    "energy",
    "mental_power"
  ],
  "sequence": [
    "ALA"
  ],
  "values": {
    "health": 0.11,
    "attack": {
      "temperature": 0.27080000000000004,
      "maxForce": 0.13540000000000002,
      "energy": 0.13540000000000002,
      "frequency": 13.540000000000001,
      "contactArea": 0.0013540000000000002
    },
    "defense": {
      "surfaceHardness": 0.0146,
      "thickness": 0.0146,
      "toughness": 0.0146
    },
    "suitable_temperature": {
      "MinTemperatureIncrease": 0.015210000000000001,
      "MaxTemperatureIncrease": 0.015210000000000001
    },
    "metabolism": 544.2,
    "agility": 3.478,
    "combat_experience": 0.1532,
    "energy": 1.76,
    "mental_power": 0.35000000000000003
  }
}